Label_Encoding,rating,Discount_value,actual_price_value,Rating count,discounted_price
1,4,64,1099,24269,399
1,4,43,349,43994,199
1,4,90,1899,7928,199
1,4.2,53,699,94363,329
1,4.2,61,399,16905,154
1,4,85,1000,24871,149
1,4.1,65,499,15188,176.63
1,4.3,23,299,30411,229
9,4.2,50,999,179691,499
1,4,33,299,43994,199
1,4.3,55,339,13391,154
1,4.2,63,799,94363,299
13,4.4,69,700,426973,219
1,4.2,61,899,2262,350
1,4.1,60,399,4768,159
1,4.4,13,399,18757,349
17,4,44,24999,32840,13999
1,4,38,399,43994,249
1,4.1,60,499,13045,199
17,4,39,21990,11976,13490
1,5,46,1799,815,970
13,3.7,44,499,10962,279
17,4,41,22900,16299,13490
1,4,70,199,9378,59
17,4,42,19990,4703,11499
13,4.2,72,699,12153,199
17,4,25,19999,34899,14999
1,4,25,399,2766,299
1,4,51,1999,184,970
1,4.3,70,999,20850,299
1,4.5,73,750,74976,199
1,4,64,499,1934,179
1,4,65,1099,974,389
1,4.3,0,599,355,599
1,3.9,80,999,1075,199
1,3.9,85,666.66,24871,99
1,4,53,1900,13552,899
1,4,80,999,576,199
17,4,28,45999,7298,32999
1,4,51,1999,462,970
1,4.5,70,695,107687,209
17,4,43,34999,27151,19999
1,4,64,1099,24269,399
9,4,38,1599,12093,999
1,4,70,199,9378,59
1,3.3,67,999,9792,333
9,4,58,1208,8131,507
13,4.4,35,475,426973,309
49,3.6,60,999,493,399
1,4.2,50,395,92595,199
9,4,45,2199,24780,1199
1,4.2,64,500,92595,179
1,4,62,2100,8188,799
54,4,46,12999,4003,6999
1,4.1,43,349,314,199
49,3.7,54,499,2960,230
9,4,54,1399,179691,649
17,4,27,21999,34899,15999
1,4,77,1499,656,348
1,4.3,56,349,7064,154
49,3.7,78,799,2201,179
17,4,31,47900,7109,32990
1,4,86,999,1313,139
1,4.2,61,845,29746,329
17,4,44,24999,45238,13999
13,4,78,1400,426973,309
1,4.1,62,699,450,263
54,4,47,14990,457,7999
69,4,47,2999,2727,1599
1,4.3,69,700,20053,219
1,4.5,61,899,149,349
1,4.1,42,599,210,349
17,4,37,42999,45238,26999
1,4,77,499,7732,115
1,4.1,60,999,1780,399
1,4.1,60,499,602,199
1,4,55,399,1423,179
17,4,65,30990,398,10901
1,3.9,58,499,536,209
49,4,64,3999,32,1434
1,4,64,1099,24269,399
1,4,44,249,9378,139
17,3,62,19125,902,7299
1,4.4,63,799,28791,299
1,4,75,1299,10576,325
17,4,25,39999,7298,29999
17,4,32,40990,4703,27999
17,4,41,52900,7109,30990
1,4.5,80,999,127,199
1,4,68,1999,24269,649
9,3.6,66,800,10134,269
17,4,22,31999,34899,24999
1,4.2,57,699,94363,299
1,4.1,80,999,425,199
17,4,54,40990,6659,18990
9,3.7,17,349,1977,290
49,3.8,69,799,1079,249
1,3.7,65,999,1097,345
9,5,42,1899,22420,1099
1,4,52,1499,1045,719
49,4,77,1499,4145,349
1,4,53,1809,6547,849
49,4,67,899,1588,299
17,4,27,29999,32840,21999
1,4.2,65,999,13120,349
1,4.3,60,999,2806,399
1,4,65,1299,24269,449
1,4.3,70,999,766,299
17,4,42,65000,3587,37999
1,3.9,88,800,24871,99
54,4,63,20000,2581,7390
1,4.3,73,999,20850,273.1
17,4,33,23990,1035,15990
1,4.1,60,999,1780,399
49,5,80,1999,505,399
1,4.1,47,399,1717,210
49,4,35,1999,590,1299
1,3.5,65,999,1121,347
1,4,85,999,1313,149
1,3.8,75,899,132,228
1,4,20,1999,1951,1599
49,4,63,3999,37,1499
17,4,47,15999,592,8499
17,4,53,44990,1259,20990
17,4,27,44999,45238,32999
13,4,53,1700,28638,799
13,4.3,62,595,12835,229
17,4,64,27990,1269,9999
49,4.2,42,599,284,349
130,4,59,1200,69538,489
17,4,31,34990,4703,23999
1,4.3,60,999,2806,399
133,4,73,1299,3295,349
1,3.9,40,299,81,179
1,4,54,1500,42301,689
17,4,38,49990,1376,30990
1,3.9,73,931,1075,249
13,5,58,2399,3664,999
49,3.9,0,399,1951,399
1,4.3,50,699,20850,349
1,4,64,1099,2685,399
9,4,43,2999,24780,1699
49,3,40,1099,285,655
9,4,44,1339,179692,749
17,4,23,12999,6088,9999
49,3.7,61,499,1383,195
1,5,52,2100,5492,999
1,4.2,44,899,919,499
149,4.2,31,599,30023,416
1,4.2,47,699,387,368
17,4,54,65000,211,29990
1,4,69,1099,974,339
17,4,26,20900,16299,15490
1,4,62,1299,30411,499
9,3.4,38,399,4642,249
49,4.3,50,799,12,399
1,4,25,1999,1951,1499
158,4,41,15990,10480,9490
13,4,58,1499,24,637
49,3.9,56,899,254,399
149,4,32,1600,3565,1089
1,4.3,66,999,6255,339
1,4,70,499,7732,149
1,3.9,63,399,57,149
1,4.5,29,849,577,599
49,4,75,1199,1193,299
1,4,69,1299,13120,399
49,4,83,1999,343,339
17,4,46,22990,1611,12499
1,4,38,399,6558,249
9,4,44,2499,23169,1399
17,4,31,47990,4703,32999
1,4,63,399,1423,149
1,4.3,67,999,2651,325
1,5,80,1999,5,399
9,3.7,60,499,612,199
1,4,71,299,9378,88
1,4,64,1099,2685,399
1,4,71,199,9378,57.89
49,3,60,1999,576,799
49,3.8,59,499,313,205
1,4.1,57,699,2957,299
1,4.1,15,999,6736,849
1,4,53,1999,13552,949
1,4,58,1200,5451,499
1,4.3,38,485,10911,299
1,4,53,1999,13552,949
1,4,66,1099,2806,379
17,4,53,18990,350,8990
149,4,76,1999,30023,486
54,4,48,11000,4003,5699
1,4,65,1999,178817,709
17,4,32,70900,7109,47990
49,4,75,1199,490,299
1,4.1,47,599,491,320
1,3.9,75,549,61,139
1,4,48,249,9378,129
17,4,31,35999,32840,24999
1,4,41,1699,7318,999
1,4.1,55,499,789,225
49,4,82,2999,407,547
1,3.8,63,699,2399,259
49,4.4,66,699,2640,239
49,4,65,999,839,349
13,4.4,22,599,44054,467
1,4,25,599,3231,449
17,4,63,31990,64,11990
1,3.9,42,599,8314,350
1,3.7,75,999,2249,252
49,3.6,66,599,339,204
158,4,35,9990,27,6490
49,3.5,61,599,197,235
1,4.5,63,800,74977,299
1,4,60,1999,8583,799
49,3.8,70,999,928,299
54,4,59,16990,110,6999
17,4,28,59999,6753,42999
13,4.3,83,999,1237,173
219,4.4,65,600,18872,209
1,4,43,1490,356,848.99
1,4,68,1999,24269,649
49,3.8,67,899,425,299
69,4.1,50,799,1161,399
1,4.1,50,499,1508,249
225,4,46,2299,7636,1249
49,3.7,57,499,246,213
49,4,58,499,479,209
13,4,88,4999,910,598
1,4,54,1749,5626,799
1,4.3,73,595,14184,159
231,4,55,1100,25177,499
17,4,36,49999,21252,31999
17,4,42,56790,567,32990
49,4,75,1199,466,299
1,3.9,77,549,61,128.31
1,4.5,29,849,474,599
49,3.4,56,899,431,399
1,4,59,1099,242,449
1,4,68,799,2905,254
240,4.4,50,795,12091,399
1,4,55,399,1423,179
1,4.3,66,999,6255,339
69,4,60,999,1236,399
49,4.2,50,399,1335,199
49,4,83,1999,197,349
1,4.4,63,798,28791,299
1,3.9,89,800,1075,89
1,4.2,45,995,29746,549
1,4,87,1000,295,129
17,4.7,44,139900,5935,77990
49,3.6,56,799,323,349
49,3.7,44,899,185,499
1,4.2,63,799,2117,299
1,4,70,599,9378,182
69,3.6,76,399,1796,96
17,4,35,85000,3587,54990
130,4.2,42,758,4296,439
1,4.3,70,999,2651,299
1,4.2,63,799,94363,299
1,4,61,1999,34540,789
13,4.4,57,700,8714,299
1,4,70,1099,10576,325
1,4,35,1999,7318,1299
49,3,60,1999,103,790
265,5,0,4699,224,4699
17,4,24,24990,4702,18999
1,4.2,80,999,85,199
13,4.4,59,650,35877,269
269,4,36,3100,897,1990
270,4,43,3999,282,2299
17,4,28,49990,1611,35999
49,4.2,65,999,513,349
1,4,52,1499,1045,719
17,4,53,18999,6347,8999
225,4,60,2299,3300,917
49,3.3,60,999,23,399
17,4,34,69900,7109,45999
1,3.8,60,299,51,119
17,4,27,29999,32840,21999
49,3.7,50,599,708,299
17,4,37,34990,1657,21990
1,3.9,38,670,523,417.44
1,3,80,999,,199
17,4,40,79990,1376,47990
49,3.5,57,499,121,215
1,3.9,88,800,1075,99
17,4,46,35000,1001,18999
1,4.3,75,999,112,249
54,4,50,15999,3022,7999
1,4,59,1600,5451,649
49,3,48,2499,73,1289
13,5,59,1500,1029,609
17,4,40,54990,1555,32990
13,4,70,1999,47,599
1,4.1,61,899,14896,349
17,4,41,50999,1712,29999
49,4.2,50,399,1335,199
49,3.9,50,699,214,349
69,4,59,4500,184,1850
158,5,52,28900,7,13990
1,3.7,71,449,41,129
13,4.2,62,999,12153,379
13,4.2,63,499,25,185
9,4.2,78,999,163,218
1,4.3,80,999,87,199
13,4.4,45,900,2165,499
17,4,37,42999,1510,26999
69,4,15,1052,106,893
17,4,45,19990,129,10990
1,4,66,1099,3049,379
17,4,35,25999,32840,16999
13,4,63,1899,390,699
313,4,23,3500,621,2699
1,4.1,78,599,265,129
1,4.3,61,999,838,389
49,4.2,59,600,143,246
1,4,63,799,151,299
49,3.9,38,399,200,247
49,3,54,2999,227,1369
49,3.8,60,499,538,199
13,4,50,599,171,299
17,4,0,14999,27508,14999
1,3.9,57,699,1454,299
17,4,52,51990,2951,24990
1,5,75,999,,249
17,4,11,69999,6753,61999
17,4,51,50000,3518,24499
17,4,46,19499,1510,10499
1,4.3,65,999,838,349
49,3.8,61,499,136,197
225,4,48,2499,301,1299
1,4,20,1899,19763,1519
17,4,33,69999,21252,46999
1,4.3,63,799,1902,299
335,4,91,19999,13937,1799
335,4,80,9999,27696,1998
335,4,75,7990,17831,1999
338,4,7,2199,178912,2049
339,4,28,8999,7807,6499
339,4,0,28999,17415,28999
339,4,0,28999,17415,28999
339,4,28,8999,7807,6499
339,4,28,8999,7807,6499
344,4,43,1000,67259,569
335,4,62,4999,10689,1898
346,4,19,1599,128311,1299
335,4,79,6990,21796,1499
348,4.1,40,999,192590,599
339,4,21,11999,284,9499
348,4,76,2499,58162,599
339,4,25,11999,12796,8999
352,4,73,1299,14282,349
348,4.1,65,999,363713,349
344,4,47,1800,67259,959
339,4,21,11999,284,9499
338,4,40,2499,15970,1499
338,4,48,2199,178912,1149
358,3.9,65,999,46399,349
359,4,28,1699,8891,1219
335,4,60,3999,30254,1599
335,4,81,7999,22636,1499
339,4,29,25999,22318,18499
344,4.4,47,700,67259,369
339,4,28,17999,18998,12999
335,4,91,19999,13937,1799
335,4,78,9999,29471,2199
339,4,32,24999,22318,16999
339,4,21,20999,21350,16499
335,4,91,19999,13937,1799
1,4,64,1099,24270,399
339,4,23,10999,313836,8499
339,4,24,8499,313836,6499
335,4,91,19999,13937,1799
339,4,25,11999,12796,8999
375,4.3,72,495,14185,139
335,4,76,16999,17159,3999
335,4,50,5999,5179,2998
1,4,43,349,43993,199
339,4,18,18999,19252,15499
1,3.9,80,999,7928,199
335,4,91,19999,13937,1799
339,4,25,11999,12796,8999
352,4,49,1699,1680,873
339,4,19,15999,13246,12999
385,4,66,1599,14648,539
335,4,80,9999,27696,1999
339,4,26,20990,32916,15490
339,4,20,24999,25824,19999
359,4,37,1699,7462,1075
348,4,43,699,37817,399
335,4,50,3990,30254,1999
335,4,75,7990,17831,1999
1,4.2,53,699,94364,329
1,4.2,61,399,16905,154
339,4,17,34999,20311,28999
335,4,71,7990,69622,2299
397,4,80,1999,3382,399
344,4,71,3999,140036,1149
359,4,65,1499,8599,529
339,4,28,19499,18998,13999
348,4.1,62,999,363713,379
339,4,30,19999,19252,13999
335,4,60,9999,73,3999
1,4,85,1000,24870,149
405,4.3,80,499,42641,99
348,4,70,15990,4390,4790
339,4,0,33999,17415,33999
408,4,90,999,1396,99
348,4,84,1900,18202,299
339,4,27,14999,18998,10999
339,4,10,38999,11029,34999
339,4,32,24999,22318,16999
405,4.1,60,499,1786,199
338,4,38,1599,7222,999
346,4,19,1599,128311,1299
348,4,67,1800,83996,599
344,4,68,1899,140036,599
338,4,28,2499,18678,1799
1,4.1,65,499,15189,176.63
339,4,27,14999,18998,10999
335,4,62,7990,48449,2999
335,4,75,7990,17831,1999
1,4.3,23,299,30411,229
1,4,33,299,43994,199
359,4.2,35,999,1315,649
339,4,28,19499,18998,13999
427,4.1,60,299,5999,119
339,4,28,17999,50772,12999
1,4.3,55,339,13391,154
339,4,22,26999,25824,20999
359,4,62,649,14404,249
359,4.5,42,171,11339,99
358,4,76,1999,3626,489
344,4,77,1600,32625,369
339,4,26,20999,19252,15499
339,4,18,18999,19252,15499
339,4,21,28999,25824,22999
348,4,60,1490,161679,599
405,4.1,81,699,16685,134
339,4,6,7999,30907,7499
338,4,48,2199,178912,1149
346,4,22,1699,128311,1324
339,4,30,19999,19252,13999
1,4.2,63,799,94364,299
338,4,38,1599,7222,999
339,4,28,17999,18998,12999
339,4,26,20990,32916,15490
448,5,66,2899,26603,999
335,4,68,4999,67950,1599
346,4,22,1699,128311,1324
339,4,30,29990,9499,20999
359,4,50,1999,1777,999
339,4,22,15990,58506,12490
339,4,18,21990,21350,17999
1,4.2,61,899,2263,350
346,4,14,1630,9378,1399
1,4.1,60,399,4768,159
335,4,79,6990,21796,1499
335,4,75,7990,17833,1999
448,5,66,2899,7779,999
461,4,65,5999,17129,2099
352,4.2,52,699,4969,337
335,4,62,7990,154,2999
335,3,78,5999,4415,1299
1,4.4,13,399,18757,349
339,4,21,20990,21350,16499
348,4.2,0,499,31539,499
1,5,46,1799,815,970
448,5,66,2899,6129,999
339,4,22,13499,284,10499
1,4,38,399,43994,249
472,3.7,75,999,3234,251
1,4.1,60,499,13045,199
339,4,19,7999,313832,6499
335,4,70,9999,20879,2999
476,4,81,1499,2646,279
405,5,82,1499,28978,269
339,4,33,13499,3145,8999
1,4,70,199,9377,59
348,4,54,1299,192589,599
461,3.8,65,999,16557,349
339,4,28,19499,18998,13999
461,3.8,65,999,16557,349
359,4.2,17,599,21916,499
335,4,78,9999,29472,2199
427,4.2,81,499,1949,95
1,4,44,249,9377,139
335,4,44,7999,37,4499
405,4.3,85,599,2351,89
339,4,26,20999,19253,15499
339,4,13,15999,2180,13999
335,4,60,4999,7571,1999
335,3,77,5999,4415,1399
358,4,40,999,18654,599
359,4,82,1099,3197,199
335,4,74,6990,26880,1799
335,4,79,6990,21796,1499
339,4,30,29990,9499,20999
339,4,4,13499,56098,12999
339,4,19,20999,31822,16999
339,4,29,27990,9499,19999
339,4,32,18999,50772,12999
335,4,50,5999,7148,2999
1,4.3,70,999,20850,299
1,4,51,1999,184,970
359,4.2,67,999,3492,329
335,3,78,5999,4415,1299
344,4,43,3500,67260,1989
335,4,80,9999,27704,1999
339,4,32,18999,50772,12999
335,4,70,4999,92588,1499
339,4,19,20999,31822,16999
335,4,76,8499,240,1999
335,4,29,6999,758,4999
1,3.9,85,666.66,24870,99
335,4,58,5999,828,2499
346,4,14,1630,9378,1399
335,4,85,9999,22638,1499
1,4,53,1900,13552,899
359,3.9,58,599,2147,249
448,5,75,1199,596,299
427,4.2,84,499,1949,79
339,4,13,15999,2180,13999
348,4.2,5,999,31539,949
405,4.1,80,499,2451,99
335,4,69,7990,154,2499
527,4,66,1999,1193,689
472,4,74,1899,1475,499
448,4.3,70,999,8891,299
405,3.6,58,499,104,209
339,4,35,12999,6662,8499
338,4,46,3999,8380,2179
339,4,19,20999,31822,16999
339,4,10,49999,3075,44999
346,4,13,2999,14266,2599
335,4,57,6499,38879,2799
537,4,53,2990,97175,1399
344,4,73,2400,67260,649
359,4,80,3990,119,799
540,4.3,0,149,10833,149
1,4,62,2100,8188,799
346,4,28,5299,1641,3799
476,4,90,1899,4740,199
339,4,27,32999,8866,23999
339,4,25,39990,8399,29990
335,3,86,1999,87,281
339,4,33,11999,125,7998
335,4.5,75,999,38,249
448,4.3,50,599,4674,299
335,4,74,1899,412,499
335,3,74,3499,681,899
338,4,54,3499,36384,1599
553,3.9,88,999,6491,120
335,4,43,6999,10229,3999
339,4,32,18999,50772,12999
476,4,38,2599,1801,1599
359,4,42,1199,14404,699
558,4.4,90,999,305,99
339,4,21,9999,1376,7915
335,4,81,7999,22638,1499
346,4,16,1249,2352,1055
448,4.3,75,599,714,150
1,4.3,69,700,20052,219
476,4,74,1799,1454,474
1,4,77,499,7732,115
359,3.9,60,599,2147,239
339,4,21,9499,313832,7499
335,3.7,73,999,465,265
339,4,49,74999,27790,37990
1,4.1,60,499,602,199
1,4,55,399,1423,179
397,5,55,3999,245,1799
339,4,29,11999,276,8499
335,4,50,3999,30254,1999
335,4,78,17999,17161,3999
359,4.4,56,499,14,219
397,4,57,1399,14560,599
338,4,17,2999,3156,2499
579,4.1,82,499,9340,89
335,4,75,11999,768,2999
405,5,79,1499,28978,314
339,4,28,19499,18998,13999
375,4.2,72,499,4971,139
461,5,63,6999,1526,2599
348,4.1,63,999,363711,365
348,4,67,4490,136954,1499
335,4,80,9999,27709,1998
335,4,77,7990,17833,1799
589,4.3,56,650,253105,289
590,4.4,33,895,61314,599
591,3.8,8,237,7354,217
348,4,57,2990,180998,1299
593,3.5,62,699,690,263
344,4,43,1000,67262,569
335,4,60,4999,10689,1999
348,4,65,3990,141841,1399
597,4,77,1499,24791,349
348,3.5,63,399,21764,149
348,4.1,40,999,192587,599
537,4,69,3990,107151,1220
335,4,79,6990,21797,1499
348,3.9,50,999,92995,499
408,4.1,90,999,8751,99
352,4,73,1299,14283,349
589,4,68,1500,64273,475
590,4.3,59,649,54315,269
590,4.1,50,599,1597,299
335,4,60,3999,30254,1599
335,4,81,7999,22638,1499
348,3.9,67,999,77027,329
611,4,69,1799,28829,549
335,4,78,9999,29478,2199
590,4.5,54,650,33176,299
614,4,60,1995,68664,798
1,4,64,1099,24269,399
616,4.5,16,315,28030,266
617,4.3,0,50,5792,50
618,3.9,21,165,14778,130
348,4,65,1290,91770,449
335,4,76,16999,17162,3999
348,4,69,1290,206,399
622,4,44,2498,33717,1399
1,4,43,349,43994,199
1,3.9,80,999,7928,199
335,4,50,5999,5179,2998
626,5,18,4999,50810,4098
627,4,75,1999,3369,499
590,3.5,33,449,11827,299
1,4.2,53,699,94364,329
622,3.5,30,999,15295,699
631,4,80,3990,27139,799
348,4,75,5499,9504,1399
1,4.2,61,399,16905,154
589,4,62,1350,30058,519
335,4,71,7990,69619,2299
397,4,80,1999,3382,399
348,4,62,3990,109864,1499
638,5,0,1295,5760,1295
639,4,66,5499,49551,1889
348,4,69,1490,161677,455
641,3.9,60,995,21372,399
344,4,74,3999,140035,1059
1,4,85,1000,24870,149
644,4,6,761,7199,717
408,4,90,999,1396,99
646,3.5,87,299,15233,39
589,4,64,2500,55747,889
348,4,76,4999,14961,1199
590,4,56,1299,9275,569
348,4,83,8999,28324,1499
616,4.4,17,180,644,149
652,4.4,27,549,18139,399
653,4.4,15,225,7203,191
654,4.2,87,999,491,129
655,4.5,67,599,13568,199
348,4,78,4499,3390,999
348,4,80,4499,103052,899
338,4,28,2499,18678,1799
1,4.1,65,499,15189,176.63
638,4.4,5,550,12179,522
661,4,60,1999,12958,799
590,4,43,1199,8258,681
663,4,66,3490,11716,1199
664,4,50,4999,35024,2499
665,4,64,4999,55192,1799
348,4.1,28,599,119466,429
591,3.5,80,499,9638,100
611,3.6,18,399,33735,329
1,4.3,23,299,30411,229
590,3.8,54,299,3044,139
537,4,52,2499,33584,1199
672,4,54,2299,1779,1049
427,4.1,60,299,5999,119
1,4.3,55,339,13391,154
675,4.4,10,250,26556,225
593,4,56,1499,25903,656
589,4,60,2800,53464,1109
335,4,62,7990,48448,2999
654,4.4,43,299,5176,169
644,4.4,24,404,8614,309
537,4,57,1399,60026,599
611,3.8,50,599,3066,299
593,4,55,999,2102,449
590,4,38,1295,34852,799
13,4.4,69,700,426972,219
686,4.5,2,160,8618,157
344,4,77,1600,32625,369
590,4,33,899,4018,599
689,4.3,20,599,11687,479
1,4.2,61,899,2262,350
348,4,47,2990,11015,1598
692,4.3,33,899,95116,599
1,4.1,60,399,4768,159
589,4,57,3000,23022,1299
335,4,68,4999,67951,1599
696,4,94,4999,4426,294
644,4.2,4,861,4567,828
537,4,6,795,13797,745
699,4,38,2495,15137,1549
1,4.4,13,399,18757,349
1,5,46,1799,815,970
639,4,41,2499,156638,1469
703,4.1,75,800,9344,198
704,4.5,0,549,4875,549
335,4,70,9999,20881,2999
335,4,60,29999,4744,12000
348,4,63,3499,12452,1299
616,4.5,15,315,17810,269
348,4,47,1499,53648,799
710,4,54,13750,2014,6299
711,3.8,0,59,5958,59
352,4.3,43,999,38221,571
672,3.9,45,999,64705,549
461,4,65,5999,17129,2099
17,4,39,21990,11976,13490
622,3.9,36,699,17348,448
348,4,50,2999,87798,1499
718,4.2,40,499,24432,299
589,4,59,1400,189104,579
720,4,24,3299,93112,2499
348,4,80,5999,47521,1199
689,4.3,20,499,27201,399
13,3.7,44,499,10962,279
17,4,41,22900,16299,13490
590,4.3,26,375,31534,279
335,4,50,4999,7571,2499
686,4.4,14,160,6537,137
1,4,70,199,9377,59
655,4.5,40,499,21010,299
348,4,55,3999,3517,1799
672,4,33,2999,63899,1999
13,4.2,72,699,12153,199
733,4,73,1499,5730,399
734,4,58,3999,25488,1699
590,4.5,30,995,54405,699
427,4.2,81,499,1949,95
664,4,32,1699,122478,1149
622,4,25,1995,7241,1495
593,4,83,4999,20457,849
740,4.5,0,440,8610,440
461,3.8,65,999,16557,349
593,4,85,3999,1087,599
696,4,63,399,1540,149
591,4.1,71,999,401,289
745,3.4,64,499,9385,179
335,4,70,4999,92588,1499
348,3.4,43,699,3454,399
652,4.3,25,799,15790,599
749,4,53,2000,14969,949
335,4,75,9999,42139,2499
616,4.3,12,180,989,159
344,5,54,2900,19624,1329
745,4.2,43,999,3201,570
754,4,55,1999,30469,899
755,4.4,55,999,9940,449
756,4.3,45,999,7758,549
664,4,36,2399,68409,1529
758,4.3,0,100,3095,100
597,4,80,1499,903,299
622,4,28,1795,25771,1295
348,4.1,30,999,273189,699
762,4.5,20,315,3785,252
616,4.4,14,220,2866,190
622,4,19,1599,27223,1299
589,4,56,1650,82356,729
766,4.3,20,600,5719,480
335,4,74,6990,26880,1799
593,4,60,2499,1690,999
1,4,25,399,2766,299
770,4.4,66,699,8372,238
622,4,39,2198,7113,1349
1,4.3,70,999,20850,299
749,3.3,60,499,2804,199
348,4,80,9999,1986,1999
405,4.1,80,499,2451,99
590,5,50,1000,23,499
777,5,49,3500,26194,1792
778,4,20,4100,15783,3299
762,4.4,31,180,8053,125
590,4,66,1190,2809,399
348,4,85,7999,25910,1199
591,4,85,1599,1173,235
593,4,73,1999,6422,549
711,4.2,10,99,241,89
1,4,51,1999,184,970
348,4,57,2999,14629,1299
654,4.2,77,999,1528,230
788,4.3,76,499,15032,119
789,4.4,44,800,69585,449
790,4,51,3495,14371,1699
762,4.4,22,720,3182,561
590,4.4,51,590,25886,289
597,4,70,1999,4736,599
626,4,24,7350,73005,5599
795,4,23,2595,20398,1990
745,4.3,38,799,2125,499
755,4.3,55,999,11330,449
798,4,50,1999,27441,999
540,4.3,77,299,255,69
590,4,40,1499,23174,899
614,3.8,32,699,20218,478
802,4,44,2490,11074,1399
1,4.5,73,750,74976,199
804,4.1,70,499,25607,149
672,4,64,4990,41226,1799
806,4,57,999,2581,425
754,4,60,2490,18331,999
591,4.1,62,999,1779,378
809,4.3,0,99,388,99
664,5,50,2999,8656,1499
811,5,41,3100,92925,1815
762,4.1,11,75,1269,67
593,4,30,2699,17394,1889
348,4,67,1499,9169,499
654,4.4,50,999,1030,499
626,5,28,7999,50273,5799
817,3.9,38,799,6742,499
591,4,59,600,1208,249
1,4,64,499,1933,179
626,4,22,5734,25006,4449
734,4.6,46,550,33434,299
590,4,55,1390,6301,629
611,4,21,3295,22618,2595
1,4,65,1099,974,389
664,4,38,2911,20342,1799
703,4.4,49,175,7429,90
593,4,0,599,26423,599
335,4,75,7999,31305,1999
829,4,35,3250,11213,2099
830,4.1,64,499,10174,179
622,4,41,2295,17413,1345
641,4.2,65,995,6676,349
770,4.4,42,499,8076,287
1,4.3,0,599,355,599
589,4.1,22,450,18656,349
616,4,21,1109,31599,879
1,3.9,80,999,1075,199
689,3.9,0,250,13971,250
348,3.6,60,499,2492,199
1,4,53,1900,13552,899
1,4,80,999,575,199
830,3.5,85,999,2523,149
591,4,69,1499,352,469
745,4,38,1929,1662,1187
845,4,43,1499,7352,849
590,4.1,18,399,3441,328
593,4,62,699,93,269
848,3.8,25,400,40895,299
849,4,63,1499,11006,549
686,4.2,5,120,8938,114
851,4.1,0,120,4308,120
1,4,51,1999,462,970
1,4.5,70,695,107686,209
590,5,35,2295,10652,1490
855,4.3,0,99,5036,99
590,4,40,249,5057,149
652,4,79,2799,8537,575
1,3.3,67,999,9792,333
766,4.3,15,210,2450,178
348,4,54,3490,676,1599
348,4,62,1299,1173,499
654,4.3,60,499,9998,199
335,4,58,5999,5852,2499
864,4.2,80,999,362,199
344,5,48,1800,205052,939
335,4,75,9999,9090,2499
590,5,50,2890,4099,1439
348,4,82,5999,12966,1099
686,4.5,2,160,4428,157
9,4,38,1599,12093,999
646,3.3,88,999,5692,115
591,4.1,65,499,21,175
720,4,57,4700,1880,1999
874,4,8,4332.96,21762,3999
664,4,50,1800,22375,899
654,4.5,70,990,2453,299
591,4,30,4699,13544,3303
795,4,66,5490,10976,1890
758,4.3,10,100,3061,90
348,4,43,2790,2272,1599
798,4,40,999,7601,599
9,4,58,1208,8131,507
654,4.5,53,899,4219,425
537,4,63,3999,42775,1499
849,4,78,2499,5556,549
1,4.2,50,395,92595,199
590,5,21,1645,12375,1295
653,4.5,0,310,5882,310
540,4.3,0,149,10833,149
622,4,23,1499,10443,1149
593,5,62,1299,434,499
348,4,76,4199,1913,999
811,4,57,4000,3029,1709
617,4.2,0,250,2628,250
9,4,45,2199,24780,1199
896,4.4,10,100,10718,90
461,4,66,5999,6233,2025
652,5,25,1995,10541,1495
1,4,62,2100,8188,799
672,4,25,1199,10751,899
901,3.9,65,999,817,349
338,4,64,2499,36384,900
720,4,38,3990,3606,2490
675,4.4,42,200,357,116
653,4.4,13,230,10170,200
830,4,55,2796,4598,1249
907,3.5,35,999,7222,649
908,5,24,3499,1271,2649
1,4.1,43,349,314,199
644,4.4,18,723,3219,596
335,4,58,5999,38879,2499
912,4,60,12499,4541,4999
348,4,69,1290,76042,399
675,4.3,42,200,485,116
720,4,25,5999,44696,4499
745,3.7,34,499,8566,330
665,4,74,2499,13049,649
733,5,23,1599,16680,1234
537,4,53,2990,97174,1399
851,4,15,320,3686,272
921,3.8,90,999,594,99
922,3,10,3875,12185,3498
710,4,47,19110,2623,10099
755,4.3,55,999,9701,449
925,4.3,0,150,15867,150
1,4,77,1499,656,348
664,4,60,2999,10725,1199
655,4,56,899,3025,397
1,4.3,56,349,7064,154
734,4,53,1490,5736,699
348,4,16,1999,72563,1679
591,4,76,1500,1026,354
933,4,78,5499,2043,1199
733,4,75,1499,4149,379
626,4.3,36,775,74,499
936,4,68,32000,41398,10389
845,4,50,1300,5195,649
938,5,40,1999,22420,1199
1,4,86,999,1313,139
348,4,56,1999,2284,889
622,4,36,2199,427,1409
942,4,73,1999,1367,549
933,4,58,1799,13199,749
1,4.2,61,845,29746,329
1,4,66,1099,2806,379
335,4,25,7999,30355,5998
755,4,80,1499,2868,299
733,4,75,1499,670,379
949,4,53,2999,3530,1399
950,4,46,1299,6183,699
762,4.2,0,300,419,300
654,5,50,1995,7317,999
953,4.4,0,535,4426,535
17,4,44,24999,45237,13999
755,4,76,1099,1092,269
851,4.3,24,450,2493,341
664,4,38,3999,12679,2499
1,4.1,42,599,210,349
874,4,16,7005,4199,5899
359,4,42,1199,14403,699
664,4,48,2999,11113,1565
631,4.4,59,799,10773,326
553,3.9,88,999,6491,120
626,4.3,34,999,13944,657
652,5,31,2895,10760,1995
675,4,0,1500,25996,1500
611,5,17,3195,16146,2640
874,4,17,6355,8280,5299
1,4.1,62,699,450,263
933,4,34,2999,14237,1990
971,5,14,1499,20668,1289
762,4.5,0,165,1674,165
830,4,51,3499,7689,1699
720,4,69,7500,5554,2299
1,4.3,69,700,20053,219
711,3.8,0,39,3344,39
977,5,29,37999,2886,26999
348,4,25,1990,98250,1490
593,4,80,1949,75,398
1,4.5,61,899,149,349
830,4,50,1547,2585,770
405,4,79,1299,5072,279
983,4.5,58,599,5985,249
1,4,77,499,7732,115
985,4.5,0,230,9427,230
1,4.1,60,999,1780,399
652,4.3,14,700,2301,599
988,4,48,1150,2535,598
733,4,73,1499,691,399
593,4,62,1299,2740,499
1,4.1,60,499,602,199
590,4,47,1090,3482,579
1,4,55,399,1423,179
994,4.1,10,100,6199,90
593,4,55,1999,1667,899
908,4,36,1800,4723,1149
755,4.2,50,499,22860,249
711,3.6,0,39,13572,39
639,4,56,3599,16182,1599
672,4,70,3990,2908,1199
1,3.9,58,499,536,209
590,4,27,1499,2375,1099
762,4.5,0,120,4951,120
908,4,57,3499,408,1519
994,4.2,0,420,1926,420
1006,4.1,0,225,4798,225
1007,4.1,75,799,7333,199
397,5,55,3999,245,1799
922,4,13,9625,3652,8349
811,4,46,6100,2515,3307
1,4,75,1299,10576,325
589,4,65,1300,4959,449
616,4.4,5,400,2111,380
591,4,64,1399,1462,499
1015,4,38,59890,323,37247
537,4,66,2490,91188,849
754,4,60,1999,418,799
461,5,63,6999,1526,2599
1,4.5,80,999,127,199
9,3.6,66,800,10134,269
711,4.3,70,999,1552,298
754,4,50,2999,25262,1499
1023,4,48,1245,123365,649
1024,4,29,1695,13300,1199
1025,4,40,2000,18543,1199
1026,4.1,54,999,3578,455
1027,4,90,1999,2031,199
1027,3.9,41,499,44994,293
1029,4.1,60,495,270563,199
1023,4,40,1245,31783,749
1024,4,10,1549,2602,1399
1023,4,48,1445,63350,749
1033,4,47,3193,54032,1699
1023,4,22,1345,15592,1043
1026,4.1,50,999,4859,499
1025,4,11,1650,14120,1464
1037,3.3,50,499,8427,249
1038,4,55,1400,23316,625
1039,4,48,2500,6530,1290
1040,4,42,6190,11924,3600
1041,4,53,13999,2961,6549
1023,5,46,2995,23484,1625
1040,4,56,5890,21783,2599
1044,4,40,2000,14030,1199
1045,4,58,13150,6398,5499
1039,4,63,3500,44050,1299
1038,4.2,24,785,24247,599
1039,4,38,3210,41349,1999
1044,4,45,1000,1074,549
1024,4,50,2000,1163,999
1026,4,80,1999,257,398
1052,4.1,25,720,36017,539
1023,4,56,1595,8090,699
1033,4,41,3645,31388,2148
1055,4,55,7950,136,3599
1056,4,65,999,5380,351
1057,4,8,1745,37974,1614
1052,4,44,1295,17218,719
1026,4,55,1499,900,678
1044,4,48,1545,976,809
1061,4,61,5000,4927,1969
1026,4,12,1695,3543,1490
1024,4,37,3945,2732,2499
1064,4,21,2099,14368,1665
1033,4,39,5295,39724,3229
1033,4,50,3595,9791,1799
1023,4,26,1699,2891,1260
1024,4,34,1129,2446,749
1039,4,40,5795,25340,3499
1070,4.3,62,999,3096,379
1024,4,54,2400,4,1099
1044,4,42,1299,119,749
1073,4,0,1299,40106,1299
1038,4,50,1090,13029,549
1025,4,55,2000,291,899
1038,4,14,1545,15453,1321
1026,4,45,1999,604,1099
1038,4.2,11,875,46647,775
1045,4,59,15270,3233,6299
1057,4,24,4195,1282,3190
1024,4,60,1989,70,799
1061,4,46,5000,26164,2699
1038,3.9,39,990,16166,599
1044,4,33,1111,35693,749
1045,4,40,10400,14391,6199
1086,4,27,2490,7946,1819
1044,4,37,1900,1765,1199
1039,4,48,6295,14062,3249
1070,4,65,999,15646,349
1025,3,38,1699,111,1049
1091,4,47,1500,9695,799
1045,4,48,9650,1772,4999
1039,4,34,10590,11499,6999
1027,4,60,1999,2162,799
1095,4.2,0,89,19621,89
1096,4,44,2485,19998,1400
1056,4.1,61,899,1051,355
1024,4,34,3279,1716,2169
1099,4,26,3799,32931,2799
1023,4,28,1249,17424,899
1041,4,50,5000,1889,2499
1040,4,51,7299,10324,3599
1038,4.2,20,625,5355,499
1052,4,36,1020,3366,653
1105,4,47,8990,1017,4789
1106,4,14,1639,787,1409
1037,4.2,16,899,18462,753
1070,4,71,1199,629,353
1027,4,42,1899,15276,1099
1055,4,24,11595,2981,8799
1023,4,23,1750,2466,1345
1112,5,0,2095,7949,2095
1024,4,35,2300,95,1498
1114,4,26,2990,1558,2199
1039,4,14,4295,26543,3699
1056,4.1,11,199,3688,177
1039,4,54,2499,4383,1149
1118,3.3,51,499,478,244
1024,4,18,2400,237,1959
1026,4.6,57,749,124,319
1023,4,16,1775,14667,1499
1026,4,71,1599,6,469
1112,4,39,1795,4244,1099
1025,4,40,15999,1017,9590
1125,4,33,1490,12999,999
1044,4,35,1999,311,1299
1127,4.1,41,499,4238,292
1095,4.6,46,299,2781,160
1129,4.1,0,600,10907,600
1130,4,0,1130,13250,1130
1039,4,48,6295,43070,3249
1039,4,62,9455,11828,3599
1070,4.1,47,699,1240,368
1039,4,36,4999,20869,3199
1135,4,45,2900,441,1599
1037,4,20,2499,1034,1999
1038,4,48,1190,37126,616
1037,4,29,2100,6355,1499
1095,3.3,60,499,12,199
1052,4.1,26,825,13165,610
1086,4,33,1499,1646,999
1099,4,10,9995,17994,8999
1026,4.3,55,999,610,453
1039,4,59,6000,8866,2464
1135,4,31,3945,13406,2719
1040,5,28,1999,53803,1439
1037,5,20,3499,546,2799
1040,4,62,5550,5292,2088
1040,4,48,4590,444,2399
1027,3.9,38,499,4584,308
1040,4,41,4400,14947,2599
1038,4,52,1000,1559,479
1026,4.1,18,299,1660,245
1026,3.5,78,799,132,179
1096,4,31,5190,28629,3569
1023,4,48,1345,8446,699
1033,4,48,4000,11199,2089
1158,4,42,4000,1118,2339
1025,5,51,1599,11,784
1160,4,45,9999,4353,5499
1025,4,55,1990,185,899
1037,4,0,1695,14290,1695
1038,4.1,47,940,3036,499
1040,4,43,4700,1296,2699
1040,5,52,2999,19,1448
1095,4,0,79,97,79
1045,4,51,14290,1771,6990
1033,4,32,3945,15034,2698
1160,4,47,5999,3242,3199
1044,4,39,1950,2832,1199
1086,4,49,2799,1498,1414
1023,4,49,1950,305,999
1099,4,40,9999,1191,5999
1174,4,23,12999,4049,9970
1175,4.2,0,699,3160,698
1096,4,31,3190,9650,2199
1177,4.2,60,799,3846,320
1026,4.4,40,499,290,298
1061,4,20,1499,2206,1199
1096,4,47,2660,9349,1399
1027,4,79,2799,578,599
1112,4,0,1499,9331,1499
1174,4,76,59900,3837,14400
1175,4,11,1900,11456,1699
1024,3.8,35,999,49,649
1039,4,49,6375,4978,3249
1056,4.1,60,499,1996,199
1070,4,42,1899,1811,1099
1023,4,55,1490,2198,664
1073,3.9,26,350,13127,260
1045,4,24,8500,5865,6499
1192,4,41,2499,1067,1484
1057,4,36,1560,4881,999
1061,4,49,6500,11217,3299
1037,4,74,999,43,259
1039,4,58,7795,4664,3249
1057,4,29,5995,2112,4280
1198,4.2,37,299,2737,189
1096,4,38,2349,9019,1449
1056,4,60,499,10234,199
1201,4,64,1299,550,474
1037,4.8,44,499,28,279
1096,4,58,4775,1353,1999
1026,4,35,1230,2138,799
1086,4,53,1999,1679,949
1206,4,29,5156,12837,3657.66
1207,4,15,1999,8873,1699
1057,4,12,2095,7681,1849
1025,4,37,19825,322,12499
1038,4,43,1920,9772,1099
1175,4,49,16000,18497,8199
1061,4,77,2199,53,499
1064,4,53,14999,1728,6999
1095,4,11,1799,2877,1595
1038,4,46,1950,250,1049
1044,4,61,2995,5178,1182
1026,4.6,50,999,79,499
1174,4,27,11995,4157,8799
1024,3,49,2999,29,1529
1038,4,29,1690,4580,1199
1070,4,41,1790,1404,1052
1222,4,28,8995,2810,6499
1091,4.3,0,239,7,239
1037,5,56,1599,1729,699
1225,4,39,4290,2116,2599
1064,4,46,2890,463,1547
1037,5,62,1299,54,499
1052,4.1,20,640,7229,510
1040,4,50,3790,3842,1899
1040,4,43,4560,646,2599
1070,4,66,3500,1802,1199
1040,3,62,2600,252,999
1033,4,39,3300,780,1999
1037,3.7,70,699,74,210
1174,4,38,23559,2026,14499
1056,4,41,1599,5911,950
1055,4,28,9995,1964,7199
1024,4,4,2545,25,2439
1057,4,13,8995,3160,7799
1086,4,20,1999,1558,1599
1039,4,47,5500,8958,2899
1192,4,19,12150,13251,9799
1057,4,34,4995,1393,3299
1037,2,55,1499,13,669
1061,5,22,7506,7241,5890
1175,4,49,18000,16020,9199
1056,4,68,1099,1470,351
1248,4,53,1900,3663,899
1044,4,27,1850,638,1349
1160,4,38,9999,3552,6236
1037,4,31,3995,11148,2742
1192,3,52,1499,2449,721
1057,4,12,3295,2299,2903
1086,4,39,2695,6027,1656
1070,4,39,2290,461,1399
1073,4,33,3099,282,2079
1052,4,7,1075,9275,999
1064,4,55,6999,743,3179
1040,4,58,2499,328,1049
1040,4,51,7290,942,3599
1261,4,17,5795,3815,4799
1039,4,50,3398,7988,1699
1044,4,55,1490,925,664
1264,4,41,1620,4370,948
1038,4,15,1000,7619,850
1130,3.8,6,640,2593,600
1024,4,17,4495,356,3711
1027,5,73,2999,63,799
1129,4.2,0,980,4740,980
1056,3.9,61,899,296,351
1271,3.5,54,499,185,229
1057,4,16,3995,1954,3349
1045,4,52,11500,959,5499
1026,3.9,40,499,1015,299
1275,4,37,3550,3973,2249
1070,5,56,1599,2300,699
1024,4,18,1499,203,1235
1086,4,55,2999,441,1349
1045,4,41,11500,10308,6800
1064,|,16,2499,992,2099
1073,4,14,1975,4716,1699
1025,4,37,1699,313,1069
1025,4,46,2495,166,1349
1052,4,57,3500,303,1499
1073,4,55,4600,562,2092
1160,4,63,10295,8095,3859
1061,3,77,2199,109,499
1096,4,24,2380,15382,1804
1061,5,26,8820,5137,6525
1175,5,80,24999,124,4999
1127,4,50,2400,618,1189
1025,4,38,4200,63,2590
1025,3,44,1599,15,899
1025,5,67,2999,9,998
1056,4,22,1282,7274,998.06
1096,4,45,1990,5911,1099
1105,4,40,9999,170,5999
1160,4,25,11850,3065,8886
1026,4.1,52,999,1021,475
1055,5,75,20049,3964,4995
1175,4,44,24850,8948,13999
1175,4,48,16490,97,8499
1038,4.3,3,975,7223,949
1056,4,21,499,330,395
1305,4.3,0,635,4570,635
1038,4,48,1390,4867,717
1307,4,53,59900,5298,27900
1130,4.1,3,670,7786,649
1129,3.6,52,399,37,193
1025,2,48,2495,2,1299
1039,4,28,3390,5206,2449
1040,4,58,2499,638,1049
1264,4,43,4200,397,2399
1064,4,49,4495,326,2286
1222,3,77,2199,3527,499
1095,3,57,999,617,429
1073,4,50,595,314,299
1175,4,73,19990,535,5395
1038,4,45,1010,17325,559
1038,4,40,1100,91,660
1070,4.4,58,999,227,419
1045,4,33,10900,11957,7349
1096,4,28,4005,7140,2899
1064,4,45,3295,687,1799
1073,4,68,4650,1045,1474
1175,4,35,24500,11206,15999
1040,4,40,6070,561,3645
1037,3.6,62,999,1988,375
1135,4,25,3945,3740,2976
1271,4,27,1499,4401,1099
1057,4,62,6700,611,2575
1039,4,41,2800,2162,1649
1037,4,53,1699,97,799
1037,4.2,21,970,6055,765
1026,4,33,1500,386,999
1336,4,55,1295,557,587
1337,4,47,23999,2288,12609
1038,4.1,18,850,1106,699
1099,4,37,6000,11935,3799
1052,4,37,1020,5059,640
1025,4,51,1999,157,979
1040,4,28,7445,3584,5365
1057,4,9,3500,1899,3199
1201,4,30,1395,15252,979
1024,4,58,2199,4,929
1206,4,14,4330,1662,3710
1039,3,53,4295,422,2033
1024,4,50,18990,79,9495
1045,4,38,12500,5160,7799
1023,4,60,2385,2311,949
1040,4,43,4890,588,2790
1038,4,41,1100,3271,645
1039,4,43,3899,11004,2237.81
1045,4,49,16899,3195,8699
1355,4,43,75990,3231,42990
1129,4,0,825,3246,825
1095,2.6,46,300,24,161
1033,4,54,1499,144,697
1359,4.5,8,747,2280,688
1106,4,45,3999,340,2199
1025,4,43,11990,144,6850
1040,4,29,3799,727,2699
1363,4,55,1999,832,899
1025,4,64,2999,57,1090
1027,4,51,599,1644,295
1044,3,76,1999,1066,479
1040,4,39,4849,7968,2949
1052,3.8,34,510,3195,335
1127,4.1,41,499,1456,293
1370,4,54,1299,590,599
1129,4.3,50,999,1436,499
1038,4,29,1190,4184,849
1127,4.1,38,400,693,249
1129,3.9,69,599,1306,185
1025,3.3,22,999,8,778
1376,4.3,60,699,2326,279
1129,4,86,1499,1004,215
1038,4,31,1295,6400,889
1040,4,71,4999,63,1449
1040,4,53,2550,1181,1190
1175,4,8,1950,1888,1799
1039,5,28,8478,6550,6120
1039,4,45,3299,1846,1799
1039,4,44,3895,1085,2199
1135,4,33,5495,290,3685
1061,3.6,35,999,4,649
1207,4,4,8995,9734,8599
1038,4,31,1599,4022,1110
1040,5,57,3500,2591,1499
1027,4,62,1999,532,759
1064,4,17,3199,260,2669
1073,4,29,1300,1672,929
1056,3.7,50,399,7945,199
1026,3.5,53,599,1367,279
1037,4,45,999,1313,549
1198,4.1,57,199,212,85
1061,4,62,1299,65,499
1061,4,25,7776,2737,5865
1023,4,45,2299,55,1260
1400,5,27,1500,1065,1099
1073,4,26,2590,2377,1928
1045,4,48,6299,2569,3249
1073,4,33,1795,5967,1199
1023,4,54,3190,1776,1456
1061,4,30,4799,4200,3349
1105,4,46,8999,297,4899
1044,4,37,1899,3858,1199
1275,4,43,5799,168,3290
1026,3.6,78,799,101,179
1376,4.1,50,300,4074,149
1039,5,24,7200,1408,5490
1027,4.2,3,389,3739,379
1175,4,33,13049,5891,8699
1039,4,49,5999,777,3041.67
1037,4,27,2400,14160,1745
1033,4,40,5295,6919,3180
1175,5,80,24999,287,4999
1056,3.8,51,799,287,390
1419,4,33,2999,388,1999
1070,4,35,2495,827,1624
1376,4.2,59,450,4971,184
1026,4.3,55,999,229,445
1423,4,59,1690,3524,699
1033,4,59,3890,156,1601
1129,4.1,11,260,490,231
1026,3.9,38,599,82,369
1023,4,59,1950,710,809
1039,4,60,2990,133,1199
1039,5,24,8073,2751,6120
1057,4,31,2599,771,1799
1307,4,37,29999,2536,18999
1125,4,15,2360,7801,1999
1433,4,48,11495,534,5999
1096,4,46,4780,898,2599
1363,4,50,2400,1202,1199
1056,4,12,249,1108,219
1025,4,33,1199,17,799
1160,4,44,10999,10429,6199
1055,5,38,10995,3192,6790
1440,4,40,3300,5873,1982.84
1129,4.1,50,400,1379,199
1023,4,18,1440,1527,1180
1096,4,28,3045,2686,2199
1127,4,17,3595,178,2999
1445,4.3,49,500,2664,253
1275,3.6,38,799,212,499
1024,4,39,1899,24,1149
1038,4.3,43,799,1868,457
1271,3.6,43,399,451,229
1129,2.9,72,699,159,199
1363,4,55,1999,39,899
1201,4,32,2199,6531,1499
1037,4.1,57,999,222,426
1025,4,29,3290,195,2320
1192,4,50,3098,2283,1563
1024,4,30,4990,1127,3487.77
1086,3,59,1200,113,498
1023,4,0,2695,2518,2695
1024,4,59,2299,550,949
1026,3.1,80,999,2,199
1129,4,59,919,1090,379
1135,4,25,3045,4118,2280
1114,4,28,3080,468,2219
1125,4,26,1890,8031,1399
1073,4,22,3690,6987,2863